ticker,name
PG,"PROCTER & GAMBLE Co"
PFE,"Pfizer Inc"
MRK,"Merck & Co Inc"
MMM,"3M Co"
KO,"Coca Cola Co"
JNJ,"Johnson & Johnson"
INTC,"Intel Corp"
IBM,"International Business Machines Corp"
GE,"General Electric Co"
DD,"DuPont de Nemours Inc"
CVX,"Chevron Corp"
CAT,"Caterpillar Inc"
AAPL,"Apple Inc"
